{"cameraMode":{"drawMode":0,"name":"Shaded","section":"Shading Mode"},"sceneLighting":false,"audioPlay":false,"sceneViewState":{"m_AlwaysRefresh":false,"showFog":true,"showSkybox":true,"showFlares":true,"showImageEffects":true,"showParticleSystems":true,"showVisualEffectGraphs":true,"m_FxEnabled":true},"in2DMode":false,"pivot":{"x":17.194303512573243,"y":-12.138761520385743,"z":-17.207237243652345},"rotation":{"x":-0.08623359352350235,"y":-0.9057633280754089,"z":0.22339117527008058,"w":-0.34963929653167727},"size":30.367380142211915,"orthographic":false}